urun_id,platform,kahve_adi,kavurucu,gramaj,fiyat,stok_durumu,cekilme_tarihi,urun_linki
5,KahhveCom,Urban Grind Guatemala,Urban Grind,250,539.99,1,2026-10-04 11:39:45,https://kahhve.com/urban-grind-guatemala-santa-barbara-kahveler
5,KahhveCom,Urban Grind Guatemala,Urban Grind,250,539.99,1,2026-10-04 11:39:45,https://kahhve.com/urban-grind-guatemala-santa-barbara-kahveler
5,KahhveCom,Urban Grind Guatemala,Urban Grind,250,539.99,1,2026-10-04 11:39:45,https://kahhve.com/urban-grind-guatemala-santa-barbara-kahveler
10,KahhveCom,Caffe Fresco All Day Blend,Caffe Fresco,250,479.99,1,2026-10-04 11:39:45,https://kahhve.com/caffe-fresco-all-day-blend-kahveler
10,KahhveCom,Caffe Fresco All Day Blend,Caffe Fresco,250,479.99,1,2026-10-04 11:39:45,https://kahhve.com/caffe-fresco-all-day-blend-kahveler
10,KahhveCom,Caffe Fresco All Day Blend,Caffe Fresco,250,479.99,1,2026-10-04 11:39:45,https://kahhve.com/caffe-fresco-all-day-blend-kahveler
11,KahhveCom,Urban Grind House Blend,Urban Grind,250,359.99,1,2026-10-04 11:39:45,https://kahhve.com/urban-grind-house-blend--kahveler
11,KahhveCom,Urban Grind House Blend,Urban Grind,250,359.99,1,2026-10-04 11:39:45,https://kahhve.com/urban-grind-house-blend--kahveler
11,KahhveCom,Urban Grind House Blend,Urban Grind,250,359.99,1,2026-10-04 11:39:45,https://kahhve.com/urban-grind-house-blend--kahveler
12,KahhveCom,Petra Acme,Petra,250,674.99,1,2026-10-04 11:39:45,https://kahhve.com/petra-acme-kahveler
12,KahhveCom,Petra Acme,Petra,250,674.99,1,2026-10-04 11:39:45,https://kahhve.com/petra-acme-kahveler
12,KahhveCom,Petra Acme,Petra,250,674.99,1,2026-10-04 11:39:45,https://kahhve.com/petra-acme-kahveler
14,KahhveCom,Urban Grind Filter Coffee Blend,Urban Grind,250,399.99,1,2026-10-04 11:39:45,https://kahhve.com/urban-grind-filter-coffee-blend-kahveler
14,KahhveCom,Urban Grind Filter Coffee Blend,Urban Grind,250,399.99,1,2026-10-04 11:39:45,https://kahhve.com/urban-grind-filter-coffee-blend-kahveler
14,KahhveCom,Urban Grind Filter Coffee Blend,Urban Grind,250,399.99,1,2026-10-04 11:39:45,https://kahhve.com/urban-grind-filter-coffee-blend-kahveler
15,KahhveCom,Caffe Fresco Espresso Blend,Caffe Fresco,250,343.99,1,2026-10-04 11:39:45,https://kahhve.com/caffe-fresco-espresso-blend-kahveler
15,KahhveCom,Caffe Fresco Espresso Blend,Caffe Fresco,250,343.99,1,2026-10-04 11:39:45,https://kahhve.com/caffe-fresco-espresso-blend-kahveler
15,KahhveCom,Caffe Fresco Espresso Blend,Caffe Fresco,250,343.99,1,2026-10-04 11:39:45,https://kahhve.com/caffe-fresco-espresso-blend-kahveler
23,KahhveCom,Urban Grind Colombia,Urban Grind,250,431.99,1,2026-10-04 11:39:45,https://kahhve.com/urban-grind-colombia-kahveler
23,KahhveCom,Urban Grind Colombia,Urban Grind,250,431.99,1,2026-10-04 11:39:45,https://kahhve.com/urban-grind-colombia-kahveler
23,KahhveCom,Urban Grind Colombia,Urban Grind,250,431.99,1,2026-10-04 11:39:45,https://kahhve.com/urban-grind-colombia-kahveler
24,KahhveCom,Fluxus Single Origin Espresso Brazil,Fluxus,250,454.29,1,2026-10-04 11:39:45,https://kahhve.com/fluxus-single-origin-espresso-brazil-kahveler
24,KahhveCom,Fluxus Single Origin Espresso Brazil,Fluxus,250,454.29,1,2026-10-04 11:39:45,https://kahhve.com/fluxus-single-origin-espresso-brazil-kahveler
24,KahhveCom,Fluxus Single Origin Espresso Brazil,Fluxus,250,454.29,1,2026-10-04 11:39:45,https://kahhve.com/fluxus-single-origin-espresso-brazil-kahveler
25,KahhveCom,Fluxus Fluxus Türk Kahvesi,Fluxus,250,209.99,1,2026-10-04 11:39:45,https://kahhve.com/fluxus-fluxus-turk-kahvesi-kahveler
25,KahhveCom,Fluxus Fluxus Türk Kahvesi,Fluxus,250,209.99,1,2026-10-04 11:39:45,https://kahhve.com/fluxus-fluxus-turk-kahvesi-kahveler
25,KahhveCom,Fluxus Fluxus Türk Kahvesi,Fluxus,250,209.99,1,2026-10-04 11:39:45,https://kahhve.com/fluxus-fluxus-turk-kahvesi-kahveler
26,KahhveCom,Fluxus Brazil Yellow Bourbon Filtre Kahve,Fluxus,250,454.29,1,2026-10-04 11:39:45,https://kahhve.com/fluxus-brazil-yellow-bourbon-filtre-kahve-kahveler
26,KahhveCom,Fluxus Brazil Yellow Bourbon Filtre Kahve,Fluxus,250,454.29,1,2026-10-04 11:39:45,https://kahhve.com/fluxus-brazil-yellow-bourbon-filtre-kahve-kahveler
26,KahhveCom,Fluxus Brazil Yellow Bourbon Filtre Kahve,Fluxus,250,454.29,1,2026-10-04 11:39:45,https://kahhve.com/fluxus-brazil-yellow-bourbon-filtre-kahve-kahveler
27,KahhveCom,Fluxus Colombia Cauca Inza Yaquiva,Fluxus,250,524.29,1,2026-10-04 11:39:45,https://kahhve.com/fluxus-colombia-cauca-inza-yaquiva--kahveler
27,KahhveCom,Fluxus Colombia Cauca Inza Yaquiva,Fluxus,250,524.29,1,2026-10-04 11:39:45,https://kahhve.com/fluxus-colombia-cauca-inza-yaquiva--kahveler
27,KahhveCom,Fluxus Colombia Cauca Inza Yaquiva,Fluxus,250,524.29,1,2026-10-04 11:39:45,https://kahhve.com/fluxus-colombia-cauca-inza-yaquiva--kahveler
28,KahhveCom,Caffe Fresco Chill Weekend,Caffe Fresco,250,489.99,1,2026-10-04 11:39:45,https://kahhve.com/caffe-fresco-chill-blend-kahveler
28,KahhveCom,Caffe Fresco Chill Weekend,Caffe Fresco,250,489.99,1,2026-10-04 11:39:45,https://kahhve.com/caffe-fresco-chill-blend-kahveler
28,KahhveCom,Caffe Fresco Chill Weekend,Caffe Fresco,250,489.99,1,2026-10-04 11:39:45,https://kahhve.com/caffe-fresco-chill-blend-kahveler
29,KahhveCom,Caffe Vergnano Arabica Çekirdek Kahvesi,Caffe Vergnano,250,669.99,1,2026-10-04 11:39:45,https://kahhve.com/vergnano-arabica-cekirdek-kahvesi-kahveler
29,KahhveCom,Caffe Vergnano Arabica Çekirdek Kahvesi,Caffe Vergnano,250,669.99,1,2026-10-04 11:39:45,https://kahhve.com/vergnano-arabica-cekirdek-kahvesi-kahveler
29,KahhveCom,Caffe Vergnano Arabica Çekirdek Kahvesi,Caffe Vergnano,250,669.99,1,2026-10-04 11:39:45,https://kahhve.com/vergnano-arabica-cekirdek-kahvesi-kahveler
30,KahhveCom,Beanofme Guatemala Huehuetenango SHB EP,Beanofme,250,359.99,1,2026-10-04 11:39:45,https://kahhve.com/beanofme-guatemala-huehuetenango-shb-ep-air-roasting
30,KahhveCom,Beanofme Guatemala Huehuetenango SHB EP,Beanofme,250,359.99,1,2026-10-04 11:39:45,https://kahhve.com/beanofme-guatemala-huehuetenango-shb-ep-air-roasting
30,KahhveCom,Beanofme Guatemala Huehuetenango SHB EP,Beanofme,250,359.99,1,2026-10-04 11:39:45,https://kahhve.com/beanofme-guatemala-huehuetenango-shb-ep-air-roasting
31,KahhveCom,Cool Beans French Vanilla,Cool Beans,250,474.99,1,2026-10-04 11:39:45,https://kahhve.com/cool-beans-french-vanilla-kahveler
31,KahhveCom,Cool Beans French Vanilla,Cool Beans,250,474.99,1,2026-10-04 11:39:45,https://kahhve.com/cool-beans-french-vanilla-kahveler
31,KahhveCom,Cool Beans French Vanilla,Cool Beans,250,474.99,1,2026-10-04 11:39:45,https://kahhve.com/cool-beans-french-vanilla-kahveler
32,KahhveCom,Caffe Fresco Dark Roast 500 gram 2'li Paket,Caffe Fresco,500,1127.09,1,2026-10-04 11:39:45,https://kahhve.com/caffe-fresco-dark-roast-1-kg-kahveler
32,KahhveCom,Caffe Fresco Dark Roast 500 gram 2'li Paket,Caffe Fresco,500,1127.09,1,2026-10-04 11:39:45,https://kahhve.com/caffe-fresco-dark-roast-1-kg-kahveler
32,KahhveCom,Caffe Fresco Dark Roast 500 gram 2'li Paket,Caffe Fresco,500,1127.09,1,2026-10-04 11:39:45,https://kahhve.com/caffe-fresco-dark-roast-1-kg-kahveler
33,KahhveCom,Beanofme Colombia Medellin EP,Beanofme,250,359.99,1,2026-10-04 11:39:45,https://kahhve.com/beanofme-colombia-medellin-ep-air-roasting
33,KahhveCom,Beanofme Colombia Medellin EP,Beanofme,250,359.99,1,2026-10-04 11:39:45,https://kahhve.com/beanofme-colombia-medellin-ep-air-roasting
33,KahhveCom,Beanofme Colombia Medellin EP,Beanofme,250,359.99,1,2026-10-04 11:39:45,https://kahhve.com/beanofme-colombia-medellin-ep-air-roasting
34,KahhveCom,Caffe Vergnano Cremoso 10lu Kapsül,Caffe Vergnano,250,298.99,1,2026-10-04 11:39:45,https://kahhve.com/vergnano-cremoso-10lu-kapsul-kahveler
34,KahhveCom,Caffe Vergnano Cremoso 10lu Kapsül,Caffe Vergnano,250,298.99,1,2026-10-04 11:39:45,https://kahhve.com/vergnano-cremoso-10lu-kapsul-kahveler
34,KahhveCom,Caffe Vergnano Cremoso 10lu Kapsül,Caffe Vergnano,250,298.99,1,2026-10-04 11:39:45,https://kahhve.com/vergnano-cremoso-10lu-kapsul-kahveler
35,KahhveCom,Coffeerem Golden Ceremony Espresso&Filtre,Coffeerem,250,449.99,1,2026-10-04 11:39:45,https://kahhve.com/coffeerem-golde-ceremony-200g-kahveler
35,KahhveCom,Coffeerem Golden Ceremony Espresso&Filtre,Coffeerem,250,449.99,1,2026-10-04 11:39:45,https://kahhve.com/coffeerem-golde-ceremony-200g-kahveler
35,KahhveCom,Coffeerem Golden Ceremony Espresso&Filtre,Coffeerem,250,449.99,1,2026-10-04 11:39:45,https://kahhve.com/coffeerem-golde-ceremony-200g-kahveler
36,KahhveCom,Urban Grind Filter Coffee Blend 1 KG,Urban Grind,1000,1223.99,1,2026-10-04 11:39:45,https://kahhve.com/urban-grind-1-kg-filtre-kahve--kahveler
36,KahhveCom,Urban Grind Filter Coffee Blend 1 KG,Urban Grind,1000,1223.99,1,2026-10-04 11:39:45,https://kahhve.com/urban-grind-1-kg-filtre-kahve--kahveler
36,KahhveCom,Urban Grind Filter Coffee Blend 1 KG,Urban Grind,1000,1223.99,1,2026-10-04 11:39:45,https://kahhve.com/urban-grind-1-kg-filtre-kahve--kahveler
4,KahhveCom,Urban Grind Ethiopia Yirgacheffe,Urban Grind,250,599.99,1,2026-10-03 15:00:27,https://kahhve.com/urban-grind-ethiopia-yirgacheffe-kahveler
4,KahhveCom,Urban Grind Ethiopia Yirgacheffe,Urban Grind,250,599.99,1,2026-10-03 15:00:27,https://kahhve.com/urban-grind-ethiopia-yirgacheffe-kahveler
4,KahhveCom,Urban Grind Ethiopia Yirgacheffe,Urban Grind,250,599.99,1,2026-10-03 15:00:27,https://kahhve.com/urban-grind-ethiopia-yirgacheffe-kahveler
5,KahhveCom,Urban Grind Guatemala,Urban Grind,250,539.99,1,2026-10-03 15:00:27,https://kahhve.com/urban-grind-guatemala-santa-barbara-kahveler
5,KahhveCom,Urban Grind Guatemala,Urban Grind,250,539.99,1,2026-10-03 15:00:27,https://kahhve.com/urban-grind-guatemala-santa-barbara-kahveler
5,KahhveCom,Urban Grind Guatemala,Urban Grind,250,539.99,1,2026-10-03 15:00:27,https://kahhve.com/urban-grind-guatemala-santa-barbara-kahveler
10,KahhveCom,Caffe Fresco All Day Blend,Caffe Fresco,250,479.99,1,2026-10-03 15:00:27,https://kahhve.com/caffe-fresco-all-day-blend-kahveler
10,KahhveCom,Caffe Fresco All Day Blend,Caffe Fresco,250,479.99,1,2026-10-03 15:00:27,https://kahhve.com/caffe-fresco-all-day-blend-kahveler
10,KahhveCom,Caffe Fresco All Day Blend,Caffe Fresco,250,479.99,1,2026-10-03 15:00:27,https://kahhve.com/caffe-fresco-all-day-blend-kahveler
11,KahhveCom,Urban Grind House Blend,Urban Grind,250,359.99,1,2026-10-03 15:00:27,https://kahhve.com/urban-grind-house-blend--kahveler
11,KahhveCom,Urban Grind House Blend,Urban Grind,250,359.99,1,2026-10-03 15:00:27,https://kahhve.com/urban-grind-house-blend--kahveler
11,KahhveCom,Urban Grind House Blend,Urban Grind,250,359.99,1,2026-10-03 15:00:27,https://kahhve.com/urban-grind-house-blend--kahveler
12,KahhveCom,Petra Acme,Petra,250,674.99,1,2026-10-03 15:00:27,https://kahhve.com/petra-acme-kahveler
12,KahhveCom,Petra Acme,Petra,250,674.99,1,2026-10-03 15:00:27,https://kahhve.com/petra-acme-kahveler
12,KahhveCom,Petra Acme,Petra,250,674.99,1,2026-10-03 15:00:27,https://kahhve.com/petra-acme-kahveler
15,KahhveCom,Caffe Fresco Espresso Blend,Caffe Fresco,250,343.99,1,2026-10-03 15:00:27,https://kahhve.com/caffe-fresco-espresso-blend-kahveler
15,KahhveCom,Caffe Fresco Espresso Blend,Caffe Fresco,250,343.99,1,2026-10-03 15:00:27,https://kahhve.com/caffe-fresco-espresso-blend-kahveler
15,KahhveCom,Caffe Fresco Espresso Blend,Caffe Fresco,250,343.99,1,2026-10-03 15:00:27,https://kahhve.com/caffe-fresco-espresso-blend-kahveler
16,KahhveCom,Cool Beans Irish Cream,Cool Beans,250,474.99,1,2026-10-03 15:00:27,https://kahhve.com/cool-beans-irish-cream-kahveler
16,KahhveCom,Cool Beans Irish Cream,Cool Beans,250,474.99,1,2026-10-03 15:00:27,https://kahhve.com/cool-beans-irish-cream-kahveler
16,KahhveCom,Cool Beans Irish Cream,Cool Beans,250,474.99,1,2026-10-03 15:00:27,https://kahhve.com/cool-beans-irish-cream-kahveler
17,KahhveCom,KahhveCom Kahhve Tadım Seti,KahhveCom,250,665.95,1,2026-10-03 15:00:27,https://kahhve.com/kahhvecom-kahhve-tadim-seti-kahveler
17,KahhveCom,KahhveCom Kahhve Tadım Seti,KahhveCom,250,665.95,1,2026-10-03 15:00:27,https://kahhve.com/kahhvecom-kahhve-tadim-seti-kahveler
17,KahhveCom,KahhveCom Kahhve Tadım Seti,KahhveCom,250,665.95,1,2026-10-03 15:00:27,https://kahhve.com/kahhvecom-kahhve-tadim-seti-kahveler
21,KahhveCom,Cool Beans Irish Cream 1 KG,Cool Beans,1000,1749.99,1,2026-10-03 15:00:27,https://kahhve.com/cool-beans-irish-cream-1-kg-kahveler
21,KahhveCom,Cool Beans Irish Cream 1 KG,Cool Beans,1000,1749.99,1,2026-10-03 15:00:27,https://kahhve.com/cool-beans-irish-cream-1-kg-kahveler
21,KahhveCom,Cool Beans Irish Cream 1 KG,Cool Beans,1000,1749.99,1,2026-10-03 15:00:27,https://kahhve.com/cool-beans-irish-cream-1-kg-kahveler
23,KahhveCom,Urban Grind Colombia,Urban Grind,250,431.99,1,2026-10-03 15:00:27,https://kahhve.com/urban-grind-colombia-kahveler
23,KahhveCom,Urban Grind Colombia,Urban Grind,250,431.99,1,2026-10-03 15:00:27,https://kahhve.com/urban-grind-colombia-kahveler
23,KahhveCom,Urban Grind Colombia,Urban Grind,250,431.99,1,2026-10-03 15:00:27,https://kahhve.com/urban-grind-colombia-kahveler
24,KahhveCom,Fluxus Single Origin Espresso Brazil,Fluxus,250,454.29,1,2026-10-03 15:00:27,https://kahhve.com/fluxus-single-origin-espresso-brazil-kahveler
24,KahhveCom,Fluxus Single Origin Espresso Brazil,Fluxus,250,454.29,1,2026-10-03 15:00:27,https://kahhve.com/fluxus-single-origin-espresso-brazil-kahveler
24,KahhveCom,Fluxus Single Origin Espresso Brazil,Fluxus,250,454.29,1,2026-10-03 15:00:27,https://kahhve.com/fluxus-single-origin-espresso-brazil-kahveler
25,KahhveCom,Fluxus Fluxus Türk Kahvesi,Fluxus,250,209.99,1,2026-10-03 15:00:27,https://kahhve.com/fluxus-fluxus-turk-kahvesi-kahveler
25,KahhveCom,Fluxus Fluxus Türk Kahvesi,Fluxus,250,209.99,1,2026-10-03 15:00:27,https://kahhve.com/fluxus-fluxus-turk-kahvesi-kahveler
25,KahhveCom,Fluxus Fluxus Türk Kahvesi,Fluxus,250,209.99,1,2026-10-03 15:00:27,https://kahhve.com/fluxus-fluxus-turk-kahvesi-kahveler
26,KahhveCom,Fluxus Brazil Yellow Bourbon Filtre Kahve,Fluxus,250,454.29,1,2026-10-03 15:00:27,https://kahhve.com/fluxus-brazil-yellow-bourbon-filtre-kahve-kahveler
26,KahhveCom,Fluxus Brazil Yellow Bourbon Filtre Kahve,Fluxus,250,454.29,1,2026-10-03 15:00:27,https://kahhve.com/fluxus-brazil-yellow-bourbon-filtre-kahve-kahveler
26,KahhveCom,Fluxus Brazil Yellow Bourbon Filtre Kahve,Fluxus,250,454.29,1,2026-10-03 15:00:27,https://kahhve.com/fluxus-brazil-yellow-bourbon-filtre-kahve-kahveler
27,KahhveCom,Fluxus Colombia Cauca Inza Yaquiva,Fluxus,250,524.29,1,2026-10-03 15:00:27,https://kahhve.com/fluxus-colombia-cauca-inza-yaquiva--kahveler
27,KahhveCom,Fluxus Colombia Cauca Inza Yaquiva,Fluxus,250,524.29,1,2026-10-03 15:00:27,https://kahhve.com/fluxus-colombia-cauca-inza-yaquiva--kahveler
27,KahhveCom,Fluxus Colombia Cauca Inza Yaquiva,Fluxus,250,524.29,1,2026-10-03 15:00:27,https://kahhve.com/fluxus-colombia-cauca-inza-yaquiva--kahveler
28,KahhveCom,Caffe Fresco Chill Weekend,Caffe Fresco,250,489.99,1,2026-10-03 15:00:27,https://kahhve.com/caffe-fresco-chill-blend-kahveler
28,KahhveCom,Caffe Fresco Chill Weekend,Caffe Fresco,250,489.99,1,2026-10-03 15:00:27,https://kahhve.com/caffe-fresco-chill-blend-kahveler
28,KahhveCom,Caffe Fresco Chill Weekend,Caffe Fresco,250,489.99,1,2026-10-03 15:00:27,https://kahhve.com/caffe-fresco-chill-blend-kahveler
29,KahhveCom,Caffe Vergnano Arabica Çekirdek Kahvesi,Caffe Vergnano,250,669.99,1,2026-10-03 15:00:27,https://kahhve.com/vergnano-arabica-cekirdek-kahvesi-kahveler
29,KahhveCom,Caffe Vergnano Arabica Çekirdek Kahvesi,Caffe Vergnano,250,669.99,1,2026-10-03 15:00:27,https://kahhve.com/vergnano-arabica-cekirdek-kahvesi-kahveler
29,KahhveCom,Caffe Vergnano Arabica Çekirdek Kahvesi,Caffe Vergnano,250,669.99,1,2026-10-03 15:00:27,https://kahhve.com/vergnano-arabica-cekirdek-kahvesi-kahveler
30,KahhveCom,Beanofme Guatemala Huehuetenango SHB EP,Beanofme,250,359.99,1,2026-10-03 15:00:27,https://kahhve.com/beanofme-guatemala-huehuetenango-shb-ep-air-roasting
30,KahhveCom,Beanofme Guatemala Huehuetenango SHB EP,Beanofme,250,359.99,1,2026-10-03 15:00:27,https://kahhve.com/beanofme-guatemala-huehuetenango-shb-ep-air-roasting
30,KahhveCom,Beanofme Guatemala Huehuetenango SHB EP,Beanofme,250,359.99,1,2026-10-03 15:00:27,https://kahhve.com/beanofme-guatemala-huehuetenango-shb-ep-air-roasting
31,KahhveCom,Cool Beans French Vanilla,Cool Beans,250,474.99,1,2026-10-03 15:00:27,https://kahhve.com/cool-beans-french-vanilla-kahveler
31,KahhveCom,Cool Beans French Vanilla,Cool Beans,250,474.99,1,2026-10-03 15:00:27,https://kahhve.com/cool-beans-french-vanilla-kahveler
31,KahhveCom,Cool Beans French Vanilla,Cool Beans,250,474.99,1,2026-10-03 15:00:27,https://kahhve.com/cool-beans-french-vanilla-kahveler
32,KahhveCom,Caffe Fresco Dark Roast 500 gram 2'li Paket,Caffe Fresco,500,1127.09,1,2026-10-03 15:00:27,https://kahhve.com/caffe-fresco-dark-roast-1-kg-kahveler
32,KahhveCom,Caffe Fresco Dark Roast 500 gram 2'li Paket,Caffe Fresco,500,1127.09,1,2026-10-03 15:00:27,https://kahhve.com/caffe-fresco-dark-roast-1-kg-kahveler
32,KahhveCom,Caffe Fresco Dark Roast 500 gram 2'li Paket,Caffe Fresco,500,1127.09,1,2026-10-03 15:00:27,https://kahhve.com/caffe-fresco-dark-roast-1-kg-kahveler
33,KahhveCom,Beanofme Colombia Medellin EP,Beanofme,250,359.99,1,2026-10-03 15:00:27,https://kahhve.com/beanofme-colombia-medellin-ep-air-roasting
33,KahhveCom,Beanofme Colombia Medellin EP,Beanofme,250,359.99,1,2026-10-03 15:00:27,https://kahhve.com/beanofme-colombia-medellin-ep-air-roasting
33,KahhveCom,Beanofme Colombia Medellin EP,Beanofme,250,359.99,1,2026-10-03 15:00:27,https://kahhve.com/beanofme-colombia-medellin-ep-air-roasting
4,KahhveCom,Urban Grind Ethiopia Yirgacheffe,Urban Grind,250,599.99,1,2026-10-03 14:54:27,https://kahhve.com/urban-grind-ethiopia-yirgacheffe-kahveler
4,KahhveCom,Urban Grind Ethiopia Yirgacheffe,Urban Grind,250,599.99,1,2026-10-03 14:54:27,https://kahhve.com/urban-grind-ethiopia-yirgacheffe-kahveler
4,KahhveCom,Urban Grind Ethiopia Yirgacheffe,Urban Grind,250,599.99,1,2026-10-03 14:54:27,https://kahhve.com/urban-grind-ethiopia-yirgacheffe-kahveler
5,KahhveCom,Urban Grind Guatemala,Urban Grind,250,539.99,1,2026-10-03 14:54:27,https://kahhve.com/urban-grind-guatemala-santa-barbara-kahveler
5,KahhveCom,Urban Grind Guatemala,Urban Grind,250,539.99,1,2026-10-03 14:54:27,https://kahhve.com/urban-grind-guatemala-santa-barbara-kahveler
5,KahhveCom,Urban Grind Guatemala,Urban Grind,250,539.99,1,2026-10-03 14:54:27,https://kahhve.com/urban-grind-guatemala-santa-barbara-kahveler
10,KahhveCom,Caffe Fresco All Day Blend,Caffe Fresco,250,479.99,1,2026-10-03 14:54:27,https://kahhve.com/caffe-fresco-all-day-blend-kahveler
10,KahhveCom,Caffe Fresco All Day Blend,Caffe Fresco,250,479.99,1,2026-10-03 14:54:27,https://kahhve.com/caffe-fresco-all-day-blend-kahveler
10,KahhveCom,Caffe Fresco All Day Blend,Caffe Fresco,250,479.99,1,2026-10-03 14:54:27,https://kahhve.com/caffe-fresco-all-day-blend-kahveler
11,KahhveCom,Urban Grind House Blend,Urban Grind,250,359.99,1,2026-10-03 14:54:27,https://kahhve.com/urban-grind-house-blend--kahveler
11,KahhveCom,Urban Grind House Blend,Urban Grind,250,359.99,1,2026-10-03 14:54:27,https://kahhve.com/urban-grind-house-blend--kahveler
11,KahhveCom,Urban Grind House Blend,Urban Grind,250,359.99,1,2026-10-03 14:54:27,https://kahhve.com/urban-grind-house-blend--kahveler
12,KahhveCom,Petra Acme,Petra,250,674.99,1,2026-10-03 14:54:27,https://kahhve.com/petra-acme-kahveler
12,KahhveCom,Petra Acme,Petra,250,674.99,1,2026-10-03 14:54:27,https://kahhve.com/petra-acme-kahveler
12,KahhveCom,Petra Acme,Petra,250,674.99,1,2026-10-03 14:54:27,https://kahhve.com/petra-acme-kahveler
15,KahhveCom,Caffe Fresco Espresso Blend,Caffe Fresco,250,343.99,1,2026-10-03 14:54:27,https://kahhve.com/caffe-fresco-espresso-blend-kahveler
15,KahhveCom,Caffe Fresco Espresso Blend,Caffe Fresco,250,343.99,1,2026-10-03 14:54:27,https://kahhve.com/caffe-fresco-espresso-blend-kahveler
15,KahhveCom,Caffe Fresco Espresso Blend,Caffe Fresco,250,343.99,1,2026-10-03 14:54:27,https://kahhve.com/caffe-fresco-espresso-blend-kahveler
16,KahhveCom,Cool Beans Irish Cream,Cool Beans,250,474.99,1,2026-10-03 14:54:27,https://kahhve.com/cool-beans-irish-cream-kahveler
16,KahhveCom,Cool Beans Irish Cream,Cool Beans,250,474.99,1,2026-10-03 14:54:27,https://kahhve.com/cool-beans-irish-cream-kahveler
16,KahhveCom,Cool Beans Irish Cream,Cool Beans,250,474.99,1,2026-10-03 14:54:27,https://kahhve.com/cool-beans-irish-cream-kahveler
17,KahhveCom,KahhveCom Kahhve Tadım Seti,KahhveCom,250,665.95,1,2026-10-03 14:54:27,https://kahhve.com/kahhvecom-kahhve-tadim-seti-kahveler
17,KahhveCom,KahhveCom Kahhve Tadım Seti,KahhveCom,250,665.95,1,2026-10-03 14:54:27,https://kahhve.com/kahhvecom-kahhve-tadim-seti-kahveler
17,KahhveCom,KahhveCom Kahhve Tadım Seti,KahhveCom,250,665.95,1,2026-10-03 14:54:27,https://kahhve.com/kahhvecom-kahhve-tadim-seti-kahveler
21,KahhveCom,Cool Beans Irish Cream 1 KG,Cool Beans,1000,1749.99,1,2026-10-03 14:54:27,https://kahhve.com/cool-beans-irish-cream-1-kg-kahveler
21,KahhveCom,Cool Beans Irish Cream 1 KG,Cool Beans,1000,1749.99,1,2026-10-03 14:54:27,https://kahhve.com/cool-beans-irish-cream-1-kg-kahveler
21,KahhveCom,Cool Beans Irish Cream 1 KG,Cool Beans,1000,1749.99,1,2026-10-03 14:54:27,https://kahhve.com/cool-beans-irish-cream-1-kg-kahveler
23,KahhveCom,Urban Grind Colombia,Urban Grind,250,431.99,1,2026-10-03 14:54:27,https://kahhve.com/urban-grind-colombia-kahveler
23,KahhveCom,Urban Grind Colombia,Urban Grind,250,431.99,1,2026-10-03 14:54:27,https://kahhve.com/urban-grind-colombia-kahveler
23,KahhveCom,Urban Grind Colombia,Urban Grind,250,431.99,1,2026-10-03 14:54:27,https://kahhve.com/urban-grind-colombia-kahveler
24,KahhveCom,Fluxus Single Origin Espresso Brazil,Fluxus,250,454.29,1,2026-10-03 14:54:27,https://kahhve.com/fluxus-single-origin-espresso-brazil-kahveler
24,KahhveCom,Fluxus Single Origin Espresso Brazil,Fluxus,250,454.29,1,2026-10-03 14:54:27,https://kahhve.com/fluxus-single-origin-espresso-brazil-kahveler
24,KahhveCom,Fluxus Single Origin Espresso Brazil,Fluxus,250,454.29,1,2026-10-03 14:54:27,https://kahhve.com/fluxus-single-origin-espresso-brazil-kahveler
25,KahhveCom,Fluxus Fluxus Türk Kahvesi,Fluxus,250,209.99,1,2026-10-03 14:54:27,https://kahhve.com/fluxus-fluxus-turk-kahvesi-kahveler
25,KahhveCom,Fluxus Fluxus Türk Kahvesi,Fluxus,250,209.99,1,2026-10-03 14:54:27,https://kahhve.com/fluxus-fluxus-turk-kahvesi-kahveler
25,KahhveCom,Fluxus Fluxus Türk Kahvesi,Fluxus,250,209.99,1,2026-10-03 14:54:27,https://kahhve.com/fluxus-fluxus-turk-kahvesi-kahveler
26,KahhveCom,Fluxus Brazil Yellow Bourbon Filtre Kahve,Fluxus,250,454.29,1,2026-10-03 14:54:27,https://kahhve.com/fluxus-brazil-yellow-bourbon-filtre-kahve-kahveler
26,KahhveCom,Fluxus Brazil Yellow Bourbon Filtre Kahve,Fluxus,250,454.29,1,2026-10-03 14:54:27,https://kahhve.com/fluxus-brazil-yellow-bourbon-filtre-kahve-kahveler
26,KahhveCom,Fluxus Brazil Yellow Bourbon Filtre Kahve,Fluxus,250,454.29,1,2026-10-03 14:54:27,https://kahhve.com/fluxus-brazil-yellow-bourbon-filtre-kahve-kahveler
27,KahhveCom,Fluxus Colombia Cauca Inza Yaquiva,Fluxus,250,524.29,1,2026-10-03 14:54:27,https://kahhve.com/fluxus-colombia-cauca-inza-yaquiva--kahveler
27,KahhveCom,Fluxus Colombia Cauca Inza Yaquiva,Fluxus,250,524.29,1,2026-10-03 14:54:27,https://kahhve.com/fluxus-colombia-cauca-inza-yaquiva--kahveler
27,KahhveCom,Fluxus Colombia Cauca Inza Yaquiva,Fluxus,250,524.29,1,2026-10-03 14:54:27,https://kahhve.com/fluxus-colombia-cauca-inza-yaquiva--kahveler
28,KahhveCom,Caffe Fresco Chill Weekend,Caffe Fresco,250,489.99,1,2026-10-03 14:54:27,https://kahhve.com/caffe-fresco-chill-blend-kahveler
28,KahhveCom,Caffe Fresco Chill Weekend,Caffe Fresco,250,489.99,1,2026-10-03 14:54:27,https://kahhve.com/caffe-fresco-chill-blend-kahveler
28,KahhveCom,Caffe Fresco Chill Weekend,Caffe Fresco,250,489.99,1,2026-10-03 14:54:27,https://kahhve.com/caffe-fresco-chill-blend-kahveler
29,KahhveCom,Caffe Vergnano Arabica Çekirdek Kahvesi,Caffe Vergnano,250,669.99,1,2026-10-03 14:54:27,https://kahhve.com/vergnano-arabica-cekirdek-kahvesi-kahveler
29,KahhveCom,Caffe Vergnano Arabica Çekirdek Kahvesi,Caffe Vergnano,250,669.99,1,2026-10-03 14:54:27,https://kahhve.com/vergnano-arabica-cekirdek-kahvesi-kahveler
29,KahhveCom,Caffe Vergnano Arabica Çekirdek Kahvesi,Caffe Vergnano,250,669.99,1,2026-10-03 14:54:27,https://kahhve.com/vergnano-arabica-cekirdek-kahvesi-kahveler
30,KahhveCom,Beanofme Guatemala Huehuetenango SHB EP,Beanofme,250,359.99,1,2026-10-03 14:54:27,https://kahhve.com/beanofme-guatemala-huehuetenango-shb-ep-air-roasting
30,KahhveCom,Beanofme Guatemala Huehuetenango SHB EP,Beanofme,250,359.99,1,2026-10-03 14:54:27,https://kahhve.com/beanofme-guatemala-huehuetenango-shb-ep-air-roasting
30,KahhveCom,Beanofme Guatemala Huehuetenango SHB EP,Beanofme,250,359.99,1,2026-10-03 14:54:27,https://kahhve.com/beanofme-guatemala-huehuetenango-shb-ep-air-roasting
31,KahhveCom,Cool Beans French Vanilla,Cool Beans,250,474.99,1,2026-10-03 14:54:27,https://kahhve.com/cool-beans-french-vanilla-kahveler
31,KahhveCom,Cool Beans French Vanilla,Cool Beans,250,474.99,1,2026-10-03 14:54:27,https://kahhve.com/cool-beans-french-vanilla-kahveler
31,KahhveCom,Cool Beans French Vanilla,Cool Beans,250,474.99,1,2026-10-03 14:54:27,https://kahhve.com/cool-beans-french-vanilla-kahveler
32,KahhveCom,Caffe Fresco Dark Roast 500 gram 2'li Paket,Caffe Fresco,500,1127.09,1,2026-10-03 14:54:27,https://kahhve.com/caffe-fresco-dark-roast-1-kg-kahveler
32,KahhveCom,Caffe Fresco Dark Roast 500 gram 2'li Paket,Caffe Fresco,500,1127.09,1,2026-10-03 14:54:27,https://kahhve.com/caffe-fresco-dark-roast-1-kg-kahveler
32,KahhveCom,Caffe Fresco Dark Roast 500 gram 2'li Paket,Caffe Fresco,500,1127.09,1,2026-10-03 14:54:27,https://kahhve.com/caffe-fresco-dark-roast-1-kg-kahveler
33,KahhveCom,Beanofme Colombia Medellin EP,Beanofme,250,359.99,1,2026-10-03 14:54:27,https://kahhve.com/beanofme-colombia-medellin-ep-air-roasting
33,KahhveCom,Beanofme Colombia Medellin EP,Beanofme,250,359.99,1,2026-10-03 14:54:27,https://kahhve.com/beanofme-colombia-medellin-ep-air-roasting
33,KahhveCom,Beanofme Colombia Medellin EP,Beanofme,250,359.99,1,2026-10-03 14:54:27,https://kahhve.com/beanofme-colombia-medellin-ep-air-roasting
4,KahhveCom,Urban Grind Ethiopia Yirgacheffe,Urban Grind,250,599.99,1,2026-10-03 14:48:21,https://kahhve.com/urban-grind-ethiopia-yirgacheffe-kahveler
4,KahhveCom,Urban Grind Ethiopia Yirgacheffe,Urban Grind,250,599.99,1,2026-10-03 14:48:21,https://kahhve.com/urban-grind-ethiopia-yirgacheffe-kahveler
4,KahhveCom,Urban Grind Ethiopia Yirgacheffe,Urban Grind,250,599.99,1,2026-10-03 14:48:21,https://kahhve.com/urban-grind-ethiopia-yirgacheffe-kahveler
5,KahhveCom,Urban Grind Guatemala,Urban Grind,250,539.99,1,2026-10-03 14:48:21,https://kahhve.com/urban-grind-guatemala-santa-barbara-kahveler
5,KahhveCom,Urban Grind Guatemala,Urban Grind,250,539.99,1,2026-10-03 14:48:21,https://kahhve.com/urban-grind-guatemala-santa-barbara-kahveler
5,KahhveCom,Urban Grind Guatemala,Urban Grind,250,539.99,1,2026-10-03 14:48:21,https://kahhve.com/urban-grind-guatemala-santa-barbara-kahveler
10,KahhveCom,Caffe Fresco All Day Blend,Caffe Fresco,250,479.99,1,2026-10-03 14:48:21,https://kahhve.com/caffe-fresco-all-day-blend-kahveler
10,KahhveCom,Caffe Fresco All Day Blend,Caffe Fresco,250,479.99,1,2026-10-03 14:48:21,https://kahhve.com/caffe-fresco-all-day-blend-kahveler
10,KahhveCom,Caffe Fresco All Day Blend,Caffe Fresco,250,479.99,1,2026-10-03 14:48:21,https://kahhve.com/caffe-fresco-all-day-blend-kahveler
11,KahhveCom,Urban Grind House Blend,Urban Grind,250,359.99,1,2026-10-03 14:48:21,https://kahhve.com/urban-grind-house-blend--kahveler
11,KahhveCom,Urban Grind House Blend,Urban Grind,250,359.99,1,2026-10-03 14:48:21,https://kahhve.com/urban-grind-house-blend--kahveler
11,KahhveCom,Urban Grind House Blend,Urban Grind,250,359.99,1,2026-10-03 14:48:21,https://kahhve.com/urban-grind-house-blend--kahveler
12,KahhveCom,Petra Acme,Petra,250,674.99,1,2026-10-03 14:48:21,https://kahhve.com/petra-acme-kahveler
12,KahhveCom,Petra Acme,Petra,250,674.99,1,2026-10-03 14:48:21,https://kahhve.com/petra-acme-kahveler
12,KahhveCom,Petra Acme,Petra,250,674.99,1,2026-10-03 14:48:21,https://kahhve.com/petra-acme-kahveler
15,KahhveCom,Caffe Fresco Espresso Blend,Caffe Fresco,250,343.99,1,2026-10-03 14:48:21,https://kahhve.com/caffe-fresco-espresso-blend-kahveler
15,KahhveCom,Caffe Fresco Espresso Blend,Caffe Fresco,250,343.99,1,2026-10-03 14:48:21,https://kahhve.com/caffe-fresco-espresso-blend-kahveler
15,KahhveCom,Caffe Fresco Espresso Blend,Caffe Fresco,250,343.99,1,2026-10-03 14:48:21,https://kahhve.com/caffe-fresco-espresso-blend-kahveler
16,KahhveCom,Cool Beans Irish Cream,Cool Beans,250,474.99,1,2026-10-03 14:48:21,https://kahhve.com/cool-beans-irish-cream-kahveler
16,KahhveCom,Cool Beans Irish Cream,Cool Beans,250,474.99,1,2026-10-03 14:48:21,https://kahhve.com/cool-beans-irish-cream-kahveler
16,KahhveCom,Cool Beans Irish Cream,Cool Beans,250,474.99,1,2026-10-03 14:48:21,https://kahhve.com/cool-beans-irish-cream-kahveler
17,KahhveCom,KahhveCom Kahhve Tadım Seti,KahhveCom,250,665.95,1,2026-10-03 14:48:21,https://kahhve.com/kahhvecom-kahhve-tadim-seti-kahveler
17,KahhveCom,KahhveCom Kahhve Tadım Seti,KahhveCom,250,665.95,1,2026-10-03 14:48:21,https://kahhve.com/kahhvecom-kahhve-tadim-seti-kahveler
17,KahhveCom,KahhveCom Kahhve Tadım Seti,KahhveCom,250,665.95,1,2026-10-03 14:48:21,https://kahhve.com/kahhvecom-kahhve-tadim-seti-kahveler
21,KahhveCom,Cool Beans Irish Cream 1 KG,Cool Beans,1000,1749.99,1,2026-10-03 14:48:21,https://kahhve.com/cool-beans-irish-cream-1-kg-kahveler
21,KahhveCom,Cool Beans Irish Cream 1 KG,Cool Beans,1000,1749.99,1,2026-10-03 14:48:21,https://kahhve.com/cool-beans-irish-cream-1-kg-kahveler
21,KahhveCom,Cool Beans Irish Cream 1 KG,Cool Beans,1000,1749.99,1,2026-10-03 14:48:21,https://kahhve.com/cool-beans-irish-cream-1-kg-kahveler
23,KahhveCom,Urban Grind Colombia,Urban Grind,250,431.99,1,2026-10-03 14:48:21,https://kahhve.com/urban-grind-colombia-kahveler
23,KahhveCom,Urban Grind Colombia,Urban Grind,250,431.99,1,2026-10-03 14:48:21,https://kahhve.com/urban-grind-colombia-kahveler
23,KahhveCom,Urban Grind Colombia,Urban Grind,250,431.99,1,2026-10-03 14:48:21,https://kahhve.com/urban-grind-colombia-kahveler
24,KahhveCom,Fluxus Single Origin Espresso Brazil,Fluxus,250,454.29,1,2026-10-03 14:48:21,https://kahhve.com/fluxus-single-origin-espresso-brazil-kahveler
24,KahhveCom,Fluxus Single Origin Espresso Brazil,Fluxus,250,454.29,1,2026-10-03 14:48:21,https://kahhve.com/fluxus-single-origin-espresso-brazil-kahveler
24,KahhveCom,Fluxus Single Origin Espresso Brazil,Fluxus,250,454.29,1,2026-10-03 14:48:21,https://kahhve.com/fluxus-single-origin-espresso-brazil-kahveler
25,KahhveCom,Fluxus Fluxus Türk Kahvesi,Fluxus,250,209.99,1,2026-10-03 14:48:21,https://kahhve.com/fluxus-fluxus-turk-kahvesi-kahveler
25,KahhveCom,Fluxus Fluxus Türk Kahvesi,Fluxus,250,209.99,1,2026-10-03 14:48:21,https://kahhve.com/fluxus-fluxus-turk-kahvesi-kahveler
25,KahhveCom,Fluxus Fluxus Türk Kahvesi,Fluxus,250,209.99,1,2026-10-03 14:48:21,https://kahhve.com/fluxus-fluxus-turk-kahvesi-kahveler
26,KahhveCom,Fluxus Brazil Yellow Bourbon Filtre Kahve,Fluxus,250,454.29,1,2026-10-03 14:48:21,https://kahhve.com/fluxus-brazil-yellow-bourbon-filtre-kahve-kahveler
26,KahhveCom,Fluxus Brazil Yellow Bourbon Filtre Kahve,Fluxus,250,454.29,1,2026-10-03 14:48:21,https://kahhve.com/fluxus-brazil-yellow-bourbon-filtre-kahve-kahveler
26,KahhveCom,Fluxus Brazil Yellow Bourbon Filtre Kahve,Fluxus,250,454.29,1,2026-10-03 14:48:21,https://kahhve.com/fluxus-brazil-yellow-bourbon-filtre-kahve-kahveler
27,KahhveCom,Fluxus Colombia Cauca Inza Yaquiva,Fluxus,250,524.29,1,2026-10-03 14:48:21,https://kahhve.com/fluxus-colombia-cauca-inza-yaquiva--kahveler
27,KahhveCom,Fluxus Colombia Cauca Inza Yaquiva,Fluxus,250,524.29,1,2026-10-03 14:48:21,https://kahhve.com/fluxus-colombia-cauca-inza-yaquiva--kahveler
27,KahhveCom,Fluxus Colombia Cauca Inza Yaquiva,Fluxus,250,524.29,1,2026-10-03 14:48:21,https://kahhve.com/fluxus-colombia-cauca-inza-yaquiva--kahveler
28,KahhveCom,Caffe Fresco Chill Weekend,Caffe Fresco,250,489.99,1,2026-10-03 14:48:21,https://kahhve.com/caffe-fresco-chill-blend-kahveler
28,KahhveCom,Caffe Fresco Chill Weekend,Caffe Fresco,250,489.99,1,2026-10-03 14:48:21,https://kahhve.com/caffe-fresco-chill-blend-kahveler
28,KahhveCom,Caffe Fresco Chill Weekend,Caffe Fresco,250,489.99,1,2026-10-03 14:48:21,https://kahhve.com/caffe-fresco-chill-blend-kahveler
29,KahhveCom,Caffe Vergnano Arabica Çekirdek Kahvesi,Caffe Vergnano,250,669.99,1,2026-10-03 14:48:21,https://kahhve.com/vergnano-arabica-cekirdek-kahvesi-kahveler
29,KahhveCom,Caffe Vergnano Arabica Çekirdek Kahvesi,Caffe Vergnano,250,669.99,1,2026-10-03 14:48:21,https://kahhve.com/vergnano-arabica-cekirdek-kahvesi-kahveler
29,KahhveCom,Caffe Vergnano Arabica Çekirdek Kahvesi,Caffe Vergnano,250,669.99,1,2026-10-03 14:48:21,https://kahhve.com/vergnano-arabica-cekirdek-kahvesi-kahveler
30,KahhveCom,Beanofme Guatemala Huehuetenango SHB EP,Beanofme,250,359.99,1,2026-10-03 14:48:21,https://kahhve.com/beanofme-guatemala-huehuetenango-shb-ep-air-roasting
30,KahhveCom,Beanofme Guatemala Huehuetenango SHB EP,Beanofme,250,359.99,1,2026-10-03 14:48:21,https://kahhve.com/beanofme-guatemala-huehuetenango-shb-ep-air-roasting
30,KahhveCom,Beanofme Guatemala Huehuetenango SHB EP,Beanofme,250,359.99,1,2026-10-03 14:48:21,https://kahhve.com/beanofme-guatemala-huehuetenango-shb-ep-air-roasting
31,KahhveCom,Cool Beans French Vanilla,Cool Beans,250,474.99,1,2026-10-03 14:48:21,https://kahhve.com/cool-beans-french-vanilla-kahveler
31,KahhveCom,Cool Beans French Vanilla,Cool Beans,250,474.99,1,2026-10-03 14:48:21,https://kahhve.com/cool-beans-french-vanilla-kahveler
31,KahhveCom,Cool Beans French Vanilla,Cool Beans,250,474.99,1,2026-10-03 14:48:21,https://kahhve.com/cool-beans-french-vanilla-kahveler
32,KahhveCom,Caffe Fresco Dark Roast 500 gram 2'li Paket,Caffe Fresco,500,1127.09,1,2026-10-03 14:48:21,https://kahhve.com/caffe-fresco-dark-roast-1-kg-kahveler
32,KahhveCom,Caffe Fresco Dark Roast 500 gram 2'li Paket,Caffe Fresco,500,1127.09,1,2026-10-03 14:48:21,https://kahhve.com/caffe-fresco-dark-roast-1-kg-kahveler
32,KahhveCom,Caffe Fresco Dark Roast 500 gram 2'li Paket,Caffe Fresco,500,1127.09,1,2026-10-03 14:48:21,https://kahhve.com/caffe-fresco-dark-roast-1-kg-kahveler
33,KahhveCom,Beanofme Colombia Medellin EP,Beanofme,250,359.99,1,2026-10-03 14:48:21,https://kahhve.com/beanofme-colombia-medellin-ep-air-roasting
33,KahhveCom,Beanofme Colombia Medellin EP,Beanofme,250,359.99,1,2026-10-03 14:48:21,https://kahhve.com/beanofme-colombia-medellin-ep-air-roasting
33,KahhveCom,Beanofme Colombia Medellin EP,Beanofme,250,359.99,1,2026-10-03 14:48:21,https://kahhve.com/beanofme-colombia-medellin-ep-air-roasting
